,Asylum_Country,Year,Total_Population,country,latitude,longitude
0,Afghanistan,2018.0,2759006.0,AF,33.93911,67.709953
1,Albania,2018.0,4499.0,AL,41.153332,20.168331
2,Algeria,2018.0,103248.0,DZ,28.033886,1.6596259999999998
3,Angola,2018.0,69985.0,AO,-11.202691999999999,17.873887
5,Argentina,2018.0,137086.0,AR,-38.416097,-63.616671999999994
6,Armenia,2018.0,18917.0,AM,40.069099,45.038189
7,Aruba,2018.0,16009.0,AW,12.52111,-69.968338
8,Australia,2018.0,117633.0,AU,-25.274398,133.775136
9,Austria,2018.0,167129.0,AT,47.516231,14.550072
10,Azerbaijan,2018.0,625332.0,AZ,40.143105,47.576927000000005
11,Bahamas,2018.0,28.0,BS,25.03428,-77.39628
12,Bahrain,2018.0,314.0,BH,25.930414000000003,50.637772
13,Bangladesh,2018.0,906678.0,BD,23.684994,90.35633100000001
15,Belarus,2018.0,8430.0,BY,53.709807,27.953389
16,Belgium,2018.0,69231.0,BE,50.503887,4.469936
17,Belize,2018.0,6107.0,BZ,17.189877,-88.49765
18,Benin,2018.0,1467.0,BJ,9.30769,2.315834
20,Bosnia and Herzegovina,2018.0,152052.0,BA,43.915886,17.679076000000002
21,Botswana,2018.0,2306.0,BW,-22.328474,24.684866
22,Brazil,2018.0,203712.0,BR,-14.235004,-51.92528
25,Bulgaria,2018.0,21547.0,BG,42.733883,25.48583
26,Burkina Faso,2018.0,72184.0,BF,12.238333,-1.561593
27,Burundi,2018.0,156367.0,BI,-3.3730559999999996,29.918885999999997
29,Cambodia,2018.0,57444.0,KH,12.565679,104.990963
30,Cameroon,2018.0,1124594.0,CM,7.369722,12.354722
31,Canada,2018.0,196615.0,CA,56.130366,-106.34677099999999
32,Cayman Islands,2018.0,54.0,KY,19.513469,-80.566956
34,Chad,2018.0,663047.0,TD,15.454166,18.732207
35,Chile,2018.0,301100.0,CL,-35.675146999999996,-71.542969
36,China,2018.0,322328.0,CN,35.86166,104.195397
39,Colombia,2018.0,9015070.0,CO,4.570868,-74.297333
41,Costa Rica,2018.0,37223.0,CR,9.748917,-83.753428
42,Croatia,2018.0,8233.0,HR,45.1,15.2
43,Cuba,2018.0,315.0,CU,21.521757,-77.78116700000001
45,Cyprus,2018.0,27267.0,CY,35.126413,33.429859
49,Denmark,2018.0,47523.0,DK,56.26392,9.501785
50,Djibouti,2018.0,28757.0,DJ,11.825138,42.590275
52,Ecuador,2018.0,374791.0,EC,-1.8312389999999998,-78.183406
53,Egypt,2018.0,314898.0,EG,26.820553000000004,30.802497999999996
54,El Salvador,2018.0,76256.0,SV,13.794185,-88.89653
55,Eritrea,2018.0,2570.0,ER,15.179383999999999,39.782334000000006
56,Estonia,2018.0,78206.0,EE,58.595271999999994,25.013607
57,Ethiopia,2018.0,3521621.0,ET,9.145,40.489672999999996
58,Fiji,2018.0,13.0,FJ,-16.578193,179.414413
59,Finland,2018.0,28250.0,FI,61.92411,25.748151
60,France,2018.0,458866.0,FR,46.227638,2.213749
61,Gabon,2018.0,758.0,GA,-0.803689,11.609444
62,Gambia,2018.0,4376.0,GM,13.443182,-15.310139000000001
63,Georgia,2018.0,285593.0,GE,42.315407,43.356891999999995
64,Germany,2018.0,1447850.0,DE,51.165690999999995,10.451526
65,Ghana,2018.0,13200.0,GH,7.946527000000001,-1.0231940000000002
66,Greece,2018.0,137696.0,GR,39.074208,21.824312
68,Guatemala,2018.0,111231.0,GT,15.783470999999999,-90.23075899999999
69,Guinea,2018.0,5867.0,GN,9.945587,-9.696645
70,Guinea-Bissau,2018.0,4865.0,GW,11.803749,-15.180413
71,Guyana,2018.0,36428.0,GY,4.860416000000001,-58.93018000000001
72,Haiti,2018.0,2998.0,HT,18.971187,-72.28521500000001
73,Honduras,2018.0,179280.0,HN,15.199998999999998,-86.241905
74,Hungary,2018.0,6257.0,HU,47.162494,19.503304
75,Iceland,2018.0,1046.0,IS,64.96305100000001,-19.020835
76,India,2018.0,207808.0,IN,20.593684,78.96288
77,Indonesia,2018.0,13979.0,ID,-0.789275,113.921327
79,Iraq,2018.0,3092406.0,IQ,33.223191,43.679291
80,Ireland,2018.0,13279.0,IE,53.41291,-8.243889999999999
81,Israel,2018.0,54110.0,IL,31.046051000000002,34.851612
82,Italy,2018.0,295539.0,IT,41.87194,12.56738
83,Jamaica,2018.0,30.0,JM,18.109581,-77.297508
84,Japan,2018.0,31642.0,JP,36.204824,138.252924
85,Jordan,2018.0,769216.0,JO,30.585164000000002,36.238414
86,Kazakhstan,2018.0,8448.0,KZ,48.019573,66.923684
87,Kenya,2018.0,490188.0,KE,-0.023559,37.906193
88,Kuwait,2018.0,93658.0,KW,29.311659999999996,47.481766
89,Kyrgyzstan,2018.0,980.0,KG,41.20438,74.766098
90,Latvia,2018.0,225547.0,LV,56.879635,24.603189
91,Lebanon,2018.0,969593.0,LB,33.854721000000005,35.862285
92,Lesotho,2018.0,87.0,LS,-29.609988,28.233608
93,Liberia,2018.0,9132.0,LR,6.4280550000000005,-9.429499
94,Libya,2018.0,270356.0,LY,26.3351,17.228331
95,Liechtenstein,2018.0,226.0,LI,47.166000000000004,9.555373
96,Lithuania,2018.0,5026.0,LT,55.169438,23.881275
97,Luxembourg,2018.0,3558.0,LU,49.815273,6.129583
98,Madagascar,2018.0,126.0,MG,-18.766947000000002,46.869107
99,Malawi,2018.0,37226.0,MW,-13.254307999999998,34.301525
100,Malaysia,2018.0,252706.0,MY,4.210483999999999,101.97576600000001
102,Mali,2018.0,154414.0,ML,17.570692,-3.9961660000000006
103,Malta,2018.0,10400.0,MT,35.937496,14.375416
104,Mauritania,2018.0,84292.0,MR,21.00789,-10.940835
105,Mauritius,2018.0,11.0,MU,-20.348404000000002,57.552152
106,Mexico,2018.0,165440.0,MX,23.634501,-102.552784
107,Monaco,2018.0,25.0,MC,43.750298,7.412841
108,Mongolia,2018.0,27.0,MN,46.862496,103.84665600000001
109,Montenegro,2018.0,13313.0,ME,42.708678000000006,19.37439
110,Morocco,2018.0,7745.0,MA,31.791702,-7.09262
111,Mozambique,2018.0,43721.0,MZ,-18.665695,35.529562
114,Nauru,2018.0,1368.0,NR,-0.522778,166.931503
115,Nepal,2018.0,21401.0,NP,28.394857000000002,84.12400799999999
116,Netherlands,2018.0,116060.0,NL,52.132633,5.291266
117,New Zealand,2018.0,1964.0,NZ,-40.900557,174.88597099999998
118,Nicaragua,2018.0,809.0,NI,12.865416,-85.207229
119,Niger,2018.0,386957.0,NE,17.607789,8.081666
120,Nigeria,2018.0,2379743.0,NG,9.081999,8.675277000000001
121,Norway,2018.0,62034.0,NO,60.472024,8.468946
122,Oman,2018.0,560.0,OM,21.512583,55.923255000000005
123,Pakistan,2018.0,1589032.0,PK,30.375321000000003,69.345116
124,Panama,2018.0,110475.0,PA,8.537981,-80.782127
125,Papua New Guinea,2018.0,10169.0,PG,-6.314993,143.95555
126,Paraguay,2018.0,1401.0,PY,-23.442503,-58.44383199999999
127,Peru,2018.0,661515.0,PE,-9.189967,-75.015152
128,Philippines,2018.0,525285.0,PH,12.879721,121.77401699999999
129,Poland,2018.0,26361.0,PL,51.919438,19.145135999999997
130,Portugal,2018.0,2195.0,PT,39.399871999999995,-8.224454
131,Qatar,2018.0,1476.0,QA,25.354826,51.183884
134,Romania,2018.0,5818.0,RO,45.943160999999996,24.96676
136,Rwanda,2018.0,152588.0,RW,-1.940278,29.873888
140,Saudi Arabia,2018.0,72420.0,SA,23.885942,45.079162
141,Senegal,2018.0,16037.0,SN,14.497401000000002,-14.452361999999999
143,Sierra Leone,2018.0,591.0,SL,8.460555000000001,-11.779889
144,Singapore,2018.0,1303.0,SG,1.352083,103.819836
146,Slovakia,2018.0,2448.0,SK,48.669026,19.699023999999998
147,Slovenia,2018.0,975.0,SI,46.151241,14.995463
149,Somalia,2018.0,2769006.0,SO,5.152149,46.199616
150,South Africa,2018.0,273474.0,ZA,-30.559482,22.937506
152,Spain,2018.0,101590.0,ES,40.463667,-3.7492199999999998
153,Sri Lanka,2018.0,42274.0,LK,7.873054,80.77179699999999
155,Sudan,2018.0,2965621.0,SD,12.862807,30.217636
156,Suriname,2018.0,242.0,SR,3.9193050000000005,-56.02778299999999
157,Swaziland,2018.0,1605.0,SZ,-26.522503000000004,31.465866
158,Sweden,2018.0,317768.0,SE,60.128161,18.643501
159,Switzerland,2018.0,118801.0,CH,46.818188,8.227511999999999
161,Tajikistan,2018.0,7580.0,TJ,38.861034000000004,71.276093
162,Thailand,2018.0,582091.0,TH,15.870032,100.992541
165,Togo,2018.0,13008.0,TG,8.619543,0.824782
166,Trinidad and Tobago,2018.0,42564.0,TT,10.691803,-61.222503
167,Tunisia,2018.0,1308.0,TN,33.886917,9.537499
168,Turkey,2018.0,3993484.0,TR,38.963745,35.243322
169,Turkmenistan,2018.0,4735.0,TM,38.969719,59.556278000000006
171,Uganda,2018.0,1370903.0,UG,1.373333,32.290275
172,Ukraine,2018.0,1544630.0,UA,48.379433,31.16558
173,United Arab Emirates,2018.0,7756.0,AE,23.424076,53.847818000000004
174,United Kingdom,2018.0,172010.0,GB,55.378051,-3.435973
177,Uruguay,2018.0,18354.0,UY,-32.522779,-55.765834999999996
178,Uzbekistan,2018.0,79955.0,UZ,41.377491,64.585262
182,Yemen,2018.0,2551486.0,YE,15.552726999999999,48.516388
183,Zambia,2018.0,76016.0,ZM,-13.133897,27.849332
184,Zimbabwe,2018.0,18878.0,ZW,-19.015438,29.154857
